{
  "model/models.js": 1716808992360,
  "i18n/i18n.properties": 1716897587659,
  "controller/IncidentPortalLandingHS.controller.js": 1716808984328,
  "controller/IncidentPortalHS.controller.js": 1716808984324,
  "controller/App.controller.js": 1716808984324,
  "manifest.json": 1716899250450,
  "Component.js": 1716808982308,
  "controller/IncidentPortalLandingHS-dbg.controller.js": 1716808984328,
  "controller/IncidentPortalLandingHS.controller.js.map": 1716899250774,
  "model/models-dbg.js": 1716808992360,
  "model/models.js.map": 1716899250752,
  "controller/IncidentPortalHS-dbg.controller.js": 1716808984324,
  "controller/IncidentPortalHS.controller.js.map": 1716899250885,
  "controller/App-dbg.controller.js": 1716808984324,
  "controller/App.controller.js.map": 1716899250753,
  "Component-dbg.js": 1716808982308,
  "Component.js.map": 1716899250757,
  "Component-preload.js": 1716899251199,
  "Component-preload.js.map": 1716899251199,
  "view/IncidentPortalLandingHS.view.xml": 1716891715902,
  "view/IncidentPortalHS.view.xml": 1716808996352,
  "view/App.view.xml": 1716808996352,
  "css/style.css": 1716808986324,
  "fragments/Notes.fragment.xml": 1716808988324,
  "fragments/InvestigationBy.fragment.xml": 1716808988324,
  "fragments/FollowUp.fragment.xml": 1716808988324,
  "fragments/CorrectiveAction.fragment.xml": 1716808988324,
  "index.html": 1716808982308
}