{
  "i18n/i18n.properties": 1716897485553,
  "controller/IncidentPortalLanding.controller.js": 1716797243381,
  "model/models.js": 1716797251933,
  "manifest.json": 1716899245416,
  "controller/IncidentPortal.controller.js": 1716797243381,
  "controller/App.controller.js": 1716797243381,
  "Component.js": 1716797241237,
  "Component-preload.js": 1716899246017,
  "model/models-dbg.js": 1716797251933,
  "controller/IncidentPortalLanding-dbg.controller.js": 1716797243381,
  "controller/IncidentPortal-dbg.controller.js": 1716797243381,
  "controller/App-dbg.controller.js": 1716797243381,
  "Component-dbg.js": 1716797241237,
  "view/IncidentPortalLanding.view.xml": 1716891784013,
  "view/IncidentPortal.view.xml": 1716797256157,
  "view/App.view.xml": 1716797256157,
  "fragments/Notes.fragment.xml": 1716797247709,
  "fragments/InvestigationBy.fragment.xml": 1716797247709,
  "fragments/FollowUp.fragment.xml": 1716797247709,
  "fragments/CorrectiveAction.fragment.xml": 1716797247709,
  "css/style.css": 1716797245565,
  "index.html": 1716797241237
}