{
  "model/models.js": 1716391734941,
  "controller/reportincident.controller.js": 1716530479448,
  "i18n/i18n.properties": 1716897680462,
  "manifest.json": 1716899255467,
  "controller/App.controller.js": 1716391724173,
  "Component.js": 1716391721145,
  "Component-preload.js": 1716899255936,
  "Component-dbg.js": 1716391721145,
  "controller/reportincident-dbg.controller.js": 1716530479448,
  "controller/App-dbg.controller.js": 1716391724173,
  "model/models-dbg.js": 1716391734941,
  "view/reportincident.view.xml": 1716889361003,
  "view/App.view.xml": 1716391740249,
  "fragments/loaddraft.fragment.xml": 1716391730169,
  "fragments/EmployeeSupList.fragment.xml": 1716391730169,
  "css/style.css": 1716391727309,
  "index.html": 1716391721145
}